blockchain,information technology,data analytics,cognitive,cyber security,Database,cloud computing,financial management,all,technology
distributed systems,deployment,data model,data management,authentication,database,pc,ledger,distributed systems,python
deployment,benchmarking,data management,cloud,information assurance,mysql,vpn,wealth management,deployment,r
data management,developer,financial analysis,developer,cloud,sql,lan,payment,wealth management,aws
cloud,java,developer,java,programming,db2,cism,financial services,data management,scala
developer,aws,nlp,aws,cti,relational databases,ceh,statistics,financial services,sql
java,sql,machine learning,cnn,cyberattack,data warehouse,cloudera,risk,cloud,azure
aws,javascript,etl,machine learning,iot,stored procedures,jira,investment portfolio,developer,jira
authentication,agile,tableau,sdlc,cyber  ,oracle,spark,strategic planning,java,salesforce
protocols,web services,time series,python,proxy,database development,map,accounting,aws,hadoop
python,ui,sas,r,botnet,data modeling,reduce,due diligence,authentication,sdlc
r,sdlc,statistics,automation,phishing,data flow,nosql,tax,protocols,db2
bitcoin,etl,python,devops,cyber  security,database administrator,etl tools,budgeting,python,d3
distributed Ledger,saas,r,agile,cloud security,xml data,kafka,cfa,r,roc curve
cryptographic hash,qa,data infrastructure,bpm,threat intelligence,mongodb,detection system,cpa,bitcoin,xml
cryptocurrency exchange,.net,analytics,rpa,vmware,queries,salesforce,crowdfunding,distributed Ledger,spark
communication protocol,telecommunication,dashboard,artificial intelligence,firewalls,database development,aws,lending,cryptographic hash,agile
public key cryptography,information systems,business intelligence,apis,splunk,entity relationship,apache spark,assessment,cryptocurrency exchange,node
bitcoin network,cyberinformation,data warehouse,neural network,cryptocurrency,,github,underwriting,communication protocol,js
financial transaction,predictor,hadoop,deep learning,,,,retail banking,public key cryptography,angular
cloud computing,computer hardware,visualization,reinforcement learning,,,,fico,bitcoin network,react
,cybernetwork,metadata,visualization,,,,treasurer,financial transaction,salesforce
,software engineer,data collection,big data,,,,,cloud computing,java
,object oriented program,data mining,aws,,,,,deployment,html
,scrum master,text mining,predictive,,,,,benchmarking,javascript
,data model,quantitative analysis,scala,,,,,cloud,css
,agile frameworks,,docker,,,,,developer,hdfs
,soap,,kubernetes,,,,,java,splunk
,rest,,data science,,,,,aws,agile
,Devop,,cognitive science,,,,,sql,machine learning
,architecure,,neuroscience,,,,,javascript,
,angular,,adaptive intelligence,,,,,algorithm,
,node,,cognitive neuroscience,,,,,agile,
,js,,artificial intelligence,,,,,web services,
,spring,,crm,,,,,ui,
,mvc,,investment portfolio,,,,,sdlc,
,hibernate,,strategic planning,,,,,etl,
,,,operations research,,,,,saas,
,,,data engineer,,,,,qa,
,,,azure ,,,,,.net,
,,,d3,,,,,platform,
,,,big data,,,,,telecommunication,
,,,hdfs,,,,,information systems,
,,,storyboarding,,,,,cyberinformation,
,,,power bi,,,,,predictor,
,,,informatica,,,,,computer hardware,
,,,business analysis,,,,,cybernetwork,
,,,mainframe,,,,,software engineer,
,,,data analysis,,,,,object oriented program,
,,,cluster design,,,,,scrum master,
,,,matlab,,,,,data model,
,,,h20,,,,,agile frameworks,
,,,roc curve,,,,,soap,
,,,wrangler,,,,,rest,
,,,chatbot,,,,,Devop,
,,,,,,,,architecure,
,,,,,,,,angular,
,,,,,,,,node,
,,,,,,,,js,
,,,,,,,,data model,
,,,,,,,,data management,
,,,,,,,,financial analysis,
,,,,,,,,developer,
,,,,,,,,nlp,
,,,,,,,,machine learning,
,,,,,,,,etl,
,,,,,,,,tableau,
,,,,,,,,time series,
,,,,,,,,sas,
,,,,,,,,statistics,
,,,,,,,,python,
,,,,,,,,r,
,,,,,,,,data infrastructure,
,,,,,,,,analytics,
,,,,,,,,dashboard,
,,,,,,,,business intelligence,
,,,,,,,,data warehouse,
,,,,,,,,hadoop,
,,,,,,,,visualization,
,,,,,,,,metadata,
,,,,,,,,data collection,
,,,,,,,,data mining,
,,,,,,,,text mining,
,,,,,,,,quantitative analysis,
,,,,,,,,database development,
,,,,,,,,entity relationship,
,,,,,,,,data management,
,,,,,,,,cloud,
,,,,,,,,developer,
,,,,,,,,java,
,,,,,,,,aws,
,,,,,,,,cnn,
,,,,,,,,machine learning,
,,,,,,,,sdlc,
,,,,,,,,python,
,,,,,,,,r,
,,,,,,,,automation,
,,,,,,,,devops,
,,,,,,,,agile,
,,,,,,,,bpm,
,,,,,,,,rpa,
,,,,,,,,artificial intelligence,
,,,,,,,,apis,
,,,,,,,,neural network,
,,,,,,,,deep learning,
,,,,,,,,reinforcement learning,
,,,,,,,,visualization,
,,,,,,,,big data,
,,,,,,,,aws,
,,,,,,,,predictive,
,,,,,,,,scala,
,,,,,,,,docker,
,,,,,,,,kubernetes,
,,,,,,,,data science,
,,,,,,,,cognitive science,
,,,,,,,,neuroscience,
,,,,,,,,adaptive intelligence,
,,,,,,,,cognitive neuroscience,
,,,,,,,,crm,
,,,,,,,,investment portfolio,
,,,,,,,,strategic planning,
,,,,,,,,operations research,
,,,,,,,,data engineer,
,,,,,,,,azure ,
,,,,,,,,d3,
,,,,,,,,big data,
,,,,,,,,hdfs,
,,,,,,,,storyboarding,
,,,,,,,,power bi,
,,,,,,,,informatica,
,,,,,,,,business analysis,
,,,,,,,,mainframe,
,,,,,,,,data analysis,
,,,,,,,,cluster design,
,,,,,,,,matlab,
,,,,,,,,h20,
,,,,,,,,roc curve,
,,,,,,,,wrangler,
,,,,,,,,authentication,
,,,,,,,,information assurance,
,,,,,,,,cloud,
,,,,,,,,programming,
,,,,,,,,cti,
,,,,,,,,cyberattack,
,,,,,,,,iot,
,,,,,,,,cyber  ,
,,,,,,,,proxy,
,,,,,,,,botnet,
,,,,,,,,phishing,
,,,,,,,,cyber  security,
,,,,,,,,cloud security,
,,,,,,,,threat intelligence,
,,,,,,,,vmware,
,,,,,,,,firewalls,
,,,,,,,,splunk,
,,,,,,,,cryptocurrency,
,,,,,,,,database,
,,,,,,,,mysql,
,,,,,,,,sql,
,,,,,,,,db2,
,,,,,,,,relational databases,
,,,,,,,,data warehouse,
,,,,,,,,stored procedures,
,,,,,,,,oracle,
,,,,,,,,database development,
,,,,,,,,data modeling,
,,,,,,,,data flow,
,,,,,,,,database administrator,
,,,,,,,,xml data,
,,,,,,,,pc,
,,,,,,,,vpn,
,,,,,,,,lan,
,,,,,,,,cism,
,,,,,,,,ceh,
,,,,,,,,cloudera,
,,,,,,,,jira,
,,,,,,,,spark,
,,,,,,,,map,
,,,,,,,,reduce,
,,,,,,,,nosql,
,,,,,,,,etl tools,
,,,,,,,,kafka,
,,,,,,,,detection system,
,,,,,,,,cyber  security,
,,,,,,,,database,
,,,,,,,,mysql,
,,,,,,,,sql,
,,,,,,,,db2,
,,,,,,,,ccna,
,,,,,,,,linux,
,,,,,,,,unix,
,,,,,,,,engineer,
,,,,,,,,data,
,,,,,,,,science,
,,,,,,,,technology,
,,,,,,,,data analyst,
,,,,,,,,analyst,
,,,,,,,,it,
,,,,,,,,web,
,,,,,,,,programmer,
,,,,,,,,application,
,,,,,,,,development,
